<?xml version="1.0" encoding="UTF-8"?>
<!DOCTYPE mapper
        PUBLIC "-//mybatis.org//DTD Mapper 3.0//EN"
        "http://mybatis.org/dtd/mybatis-3-mapper.dtd">
<mapper namespace="com.java1234.mapper.SysUserMapper">

    <resultMap id="BaseResultMap" type="com.java1234.entity.SysUser">
            <id property="id" column="id" jdbcType="BIGINT"/>
            <result property="username" column="username" jdbcType="VARCHAR"/>
            <result property="password" column="password" jdbcType="VARCHAR"/>
            <result property="avatar" column="avatar" jdbcType="VARCHAR"/>
            <result property="email" column="email" jdbcType="VARCHAR"/>
            <result property="phonenumber" column="phonenumber" jdbcType="VARCHAR"/>
            <result property="loginDate" column="login_date" jdbcType="TIMESTAMP"/>
            <result property="status" column="status" jdbcType="CHAR"/>
            <result property="createTime" column="create_time" jdbcType="TIMESTAMP"/>
            <result property="updateTime" column="update_time" jdbcType="TIMESTAMP"/>
            <result property="remark" column="remark" jdbcType="VARCHAR"/>
    </resultMap>

    <sql id="Base_Column_List">
        id,username,password,
        avatar,email,phonenumber,
        login_date,status,create_time,
        update_time,remark
    </sql>
</mapper>
